Date,High,Low,Open,Close,Volume,Adj Close,SMA
2017-09-01,619.9500122070312,610.2000122070312,618.9000244140625,613.5,517606.0,605.2476806640625,
2017-09-04,620.0,606.5,610.0,612.25,539333.0,604.0145874023438,
2017-09-05,642.0,609.7000122070312,613.0,638.8499755859375,3636744.0,630.2566528320312,
2017-09-06,651.0,635.0499877929688,636.9000244140625,640.7999877929688,3288264.0,632.1805419921875,
2017-09-07,645.2000122070312,629.25,641.9000244140625,637.0,1507721.0,628.4315795898438,
2017-09-08,646.0,631.0,645.0,633.4000244140625,1688468.0,624.8800659179688,
2017-09-11,638.5999755859375,631.9000244140625,637.0,632.9500122070312,738301.0,624.4360961914062,
2017-09-12,640.75,632.25,634.9000244140625,637.9000244140625,1102076.0,629.319580078125,
2017-09-13,648.2999877929688,627.7000122070312,638.0,630.2999877929688,1346590.0,621.8216552734375,
2017-09-14,636.9500122070312,628.3499755859375,630.5,633.5499877929688,703116.0,625.0280151367188,631.05
2017-09-15,633.2000122070312,622.6500244140625,629.9000244140625,632.1500244140625,1067596.0,623.6469116210938,632.9150024414063
2017-09-18,650.5,627.9500122070312,635.0999755859375,646.0999755859375,1409213.0,637.4091796875,636.3
2017-09-19,654.2000122070312,640.0,654.0499877929688,641.5499877929688,1232251.0,632.9203491210938,636.5700012207031
2017-09-20,645.9000244140625,628.3499755859375,640.0,630.7999877929688,1305505.0,622.3150024414062,635.5700012207031
2017-09-21,638.2000122070312,615.9000244140625,631.5999755859375,618.5499877929688,1388073.0,610.2297973632812,633.725
2017-09-22,617.5499877929688,600.0,617.5499877929688,602.2999877929688,982598.0,594.1984252929688,630.6149963378906
2017-09-25,611.4500122070312,584.7999877929688,603.7000122070312,602.1500244140625,1003871.0,594.0504150390625,627.5349975585938
2017-09-26,606.9000244140625,588.0499877929688,606.9000244140625,592.25,824136.0,584.2835693359375,622.9699951171875
2017-09-27,603.0,586.0499877929688,602.2999877929688,590.0,1073002.0,582.0638427734375,618.9399963378906
2017-09-28,591.0,571.0,591.0,575.6500244140625,1802129.0,567.9068603515625,613.15
2017-09-29,587.1500244140625,563.6500244140625,581.8499755859375,584.5499877929688,3138820.0,576.6871337890625,608.3899963378906
2017-10-03,601.7999877929688,588.0,588.0,600.0499877929688,1797702.0,591.9786376953125,603.7849975585938
2017-10-04,608.5,598.6500244140625,603.4500122070312,600.9000244140625,1262109.0,592.8172607421875,599.7200012207031
2017-10-05,603.75,594.2999877929688,602.9000244140625,595.75,656926.0,587.7364501953125,596.2150024414062
2017-10-06,604.9500122070312,594.9000244140625,599.9500122070312,596.5999755859375,911164.0,588.5750732421875,594.0200012207031
2017-10-09,630.4000244140625,612.5499877929688,620.0,616.1500244140625,2467158.0,607.8621215820312,595.4050048828125
2017-10-10,621.2999877929688,613.7000122070312,619.75,615.8499755859375,784162.0,607.5661010742188,596.775
2017-10-11,623.7000122070312,607.5999755859375,619.3499755859375,610.5999755859375,1166347.0,602.3866577148438,598.6099975585937
2017-10-12,626.5,607.8499755859375,615.0,623.4500122070312,2285154.0,615.0639038085938,601.9549987792968
2017-10-13,633.5,621.0,625.0,625.1500244140625,1652696.0,616.7410888671875,606.9049987792969
2017-10-16,631.0,622.0499877929688,622.0499877929688,627.4500122070312,730725.0,619.0100708007812,611.1950012207031
2017-10-17,631.9500122070312,624.0,630.9000244140625,625.75,707951.0,617.3328857421875,613.7650024414063
2017-10-18,626.7000122070312,611.0,625.7999877929688,612.9000244140625,789926.0,604.6558837890625,614.9650024414062
2017-10-19,614.9000244140625,601.0,614.0,606.9500122070312,162721.0,598.7858276367188,616.0850036621093
2017-10-23,607.9500122070312,594.9000244140625,601.5,604.0499877929688,930435.0,595.9248657226562,616.8300048828125
2017-10-24,611.4500122070312,600.0999755859375,604.0,606.0499877929688,538189.0,597.8978881835938,615.8200012207031
2017-10-25,613.25,589.3499755859375,610.0,590.75,1096069.0,582.8037719726562,613.3100036621094
2017-10-26,598.5499877929688,582.0999755859375,587.0,584.6500244140625,1708870.0,576.7857666015625,610.7150085449218
2017-10-27,592.0999755859375,583.5999755859375,586.0999755859375,590.0499877929688,1201819.0,582.1131591796875,607.3750061035156
2017-10-30,622.0,589.2000122070312,589.2000122070312,618.2999877929688,1375701.0,609.983154296875,606.6900024414062
2017-10-31,639.5,621.2999877929688,624.0,635.25,1884635.0,626.7051391601562,607.4700012207031
2017-11-01,643.1500244140625,634.5,640.0,637.4500122070312,966894.0,628.8756103515625,608.6400024414063
2017-11-02,661.7999877929688,635.0499877929688,635.0499877929688,655.1500244140625,1680690.0,646.3374633789062,612.8650024414062
2017-11-03,668.0,652.0,664.0,659.75,2416963.0,650.8756103515625,618.1450012207031
2017-11-06,824.6500244140625,725.7000122070312,725.7000122070312,783.7000122070312,21820434.0,773.1583251953125,636.1100036621094
2017-11-07,779.7999877929688,748.5,778.0,753.7999877929688,5830428.0,743.6605224609375,650.8850036621094
2017-11-08,761.4500122070312,738.9500122070312,757.5499877929688,743.2999877929688,2994196.0,733.3017578125,666.1400024414063
2017-11-09,779.7000122070312,740.2000122070312,740.2000122070312,777.9000244140625,5216016.0,767.4364013671875,685.4650024414062
2017-11-10,791.9000244140625,766.5999755859375,769.1500244140625,782.0499877929688,3225337.0,771.5304565429688,704.6650024414063
2017-11-13,790.5499877929688,762.2999877929688,780.0,765.0999755859375,1082635.0,754.8084716796875,719.3450012207031
2017-11-14,783.4500122070312,757.6500244140625,765.0,774.2999877929688,1514814.0,763.884765625,733.25
2017-11-15,778.5,745.0,745.0,771.0499877929688,1512882.0,760.6785278320312,746.6099975585937
2017-11-16,777.6500244140625,765.9000244140625,771.2000122070312,768.2999877929688,794968.0,757.9655151367188,757.9249938964844
2017-11-17,798.0,774.5,778.4000244140625,786.2999877929688,2404092.0,775.723388671875,770.5799926757812
2017-11-20,793.4000244140625,778.0,791.0999755859375,783.9500122070312,1244897.0,773.405029296875,770.6049926757812
2017-11-21,819.4500122070312,788.25,789.0,815.4500122070312,4969028.0,804.4812622070312,776.7699951171875
2017-11-22,827.0,810.1500244140625,820.0,813.1500244140625,4216518.0,802.2122802734375,783.7549987792969
2017-11-23,820.5,794.4500122070312,815.0,805.9000244140625,1689989.0,795.059814453125,786.5549987792969
2017-11-24,831.7999877929688,796.75,806.9500122070312,829.2999877929688,2744733.0,818.1449584960938,791.2799987792969
2017-11-27,838.9000244140625,825.2999877929688,838.9000244140625,832.5999755859375,3544024.0,821.4005737304688,798.0299987792969
2017-11-28,833.0,815.0,832.0,818.0999755859375,1748906.0,807.0955200195312,802.4099975585938
2017-11-29,828.4500122070312,813.0,820.0,818.0999755859375,1660305.0,807.0955200195312,807.1149963378906
2017-11-30,822.9000244140625,808.0999755859375,812.0,818.9000244140625,2808579.0,807.8848876953125,812.175
2017-12-01,825.7000122070312,798.5,821.0,805.25,1562677.0,794.4185180664062,814.0700012207031
2017-12-04,813.8499755859375,798.0,805.1500244140625,804.5499877929688,1291369.0,793.7279052734375,816.1299987792969
2017-12-05,810.0,786.5999755859375,808.75,792.5999755859375,1136767.0,781.9385986328125,813.8449951171875
2017-12-06,795.3499755859375,770.0,790.9500122070312,773.5999755859375,1742133.0,763.1941528320312,809.889990234375
2017-12-07,807.0,773.5999755859375,775.0,800.5999755859375,2085106.0,789.8309936523438,809.3599853515625
2017-12-08,821.3499755859375,795.25,795.25,810.9500122070312,2844071.0,800.0418090820312,807.5249877929688
2017-12-11,824.9500122070312,811.0,813.0,820.5999755859375,1788914.0,809.5619506835938,806.3249877929687
2017-12-12,831.5999755859375,814.2000122070312,820.25,822.4000244140625,2325014.0,811.3377685546875,806.7549926757813
2017-12-13,844.25,811.8499755859375,821.5,818.9500122070312,3127944.0,807.9341430664062,806.8399963378906
2017-12-14,828.0,805.0999755859375,820.0,816.25,3020320.0,805.2704467773438,806.5749938964843
2017-12-15,836.0,818.5,826.25,832.8499755859375,2015120.0,821.647216796875,809.3349914550781
2017-12-18,846.3499755859375,802.0,830.0,840.0999755859375,1698653.0,828.7996826171875,812.889990234375
2017-12-19,871.0,843.0999755859375,845.0,868.3499755859375,3308280.0,856.669677734375,820.464990234375
2017-12-20,872.0,861.2999877929688,869.3499755859375,862.9500122070312,1105619.0,851.34228515625,829.3999938964844
2017-12-21,866.4500122070312,854.9500122070312,862.9000244140625,858.4500122070312,897152.0,846.9028930664062,835.1849975585938
2017-12-22,868.5999755859375,853.9000244140625,859.0,856.8499755859375,1381784.0,845.3244018554688,839.7749938964844
2017-12-26,863.9000244140625,852.5499877929688,857.0,854.7999877929688,1467917.0,843.3019409179688,843.1949951171875
2017-12-27,860.2000122070312,842.0,856.4000244140625,849.0499877929688,735296.0,837.6293334960938,845.8599914550781
2017-12-28,856.3499755859375,840.5999755859375,849.8499755859375,851.7000122070312,980277.0,840.24365234375,849.1349914550781
2017-12-29,863.75,851.4000244140625,854.5,858.1500244140625,1245513.0,846.60693359375,853.3249938964843
2018-01-01,862.0499877929688,851.0499877929688,857.7000122070312,852.4500122070312,472607.0,840.9835815429688,855.2849975585938
2018-01-02,858.4500122070312,840.5999755859375,854.0999755859375,845.1500244140625,1181949.0,833.7817993164062,855.7900024414063
2018-01-03,869.4000244140625,853.0,863.9000244140625,856.2999877929688,2606556.0,844.7817993164062,854.5850036621093
2018-01-04,897.4500122070312,853.0999755859375,864.4000244140625,892.9000244140625,3028931.0,880.8895263671875,857.5800048828125
2018-01-05,913.9500122070312,893.5,895.0,909.7000122070312,4036882.0,897.4635009765625,862.7050048828125
2018-01-08,930.0,906.75,911.0,926.0999755859376,2112170.0,913.6428833007812,869.6300048828125
2018-01-09,938.5,917.25,925.0,932.9500122070312,2419079.0,920.4007568359376,877.4450073242188
2018-01-10,935.4000244140624,911.9000244140624,932.5,917.5999755859376,1605433.0,905.2572021484376,884.3000061035157
2018-01-11,917.7000122070312,903.2999877929688,916.9000244140624,906.9000244140624,1597329.0,894.7011108398438,889.8200073242188
2018-01-12,917.4000244140624,892.4500122070312,906.0,903.7999877929688,1874518.0,891.6428833007812,894.3850036621094
2018-01-15,921.9000244140624,897.7000122070312,909.0,918.25,2195562.0,905.8984985351562,900.9650024414062
2018-01-16,927.5,882.5999755859375,927.0,889.4000244140625,2383484.0,877.4365844726562,905.3900024414063
2018-01-17,895.5499877929688,862.5,892.7999877929688,893.0999755859375,2553841.0,881.0867919921875,909.0700012207031
2018-01-18,903.5999755859376,875.0,897.75,885.8499755859375,1285534.0,873.934326171875,908.3649963378906
2018-01-19,897.5499877929688,879.0999755859375,879.0999755859375,891.4500122070312,1483177.0,879.458984375,906.5399963378907
2018-01-22,912.0,887.0999755859375,890.0,909.75,1495629.0,897.5128173828125,904.9049987792969
2018-01-23,914.7000122070312,898.2999877929688,910.7000122070312,905.7000122070312,1747166.0,893.5172729492188,902.1799987792969
2018-01-24,909.25,881.0,905.7000122070312,886.9000244140625,1109233.0,874.9701538085938,899.1100036621094
2018-01-25,905.2999877929688,876.75,882.0,884.0999755859375,3104669.0,872.2078247070312,896.8299987792968
2018-01-29,901.5,880.5,887.4000244140625,896.2000122070312,1151570.0,884.1450805664062,896.0700012207031
2018-01-30,911.5999755859376,878.3499755859375,899.25,884.1500244140625,2101888.0,872.2572021484375,892.6600036621094
2018-01-31,884.9500122070312,859.4000244140625,883.0,869.5499877929688,1431670.0,857.8535766601562,890.675
2018-02-01,879.0999755859375,812.75,877.5,831.0,6097492.0,819.8220825195312,884.4650024414062
2018-02-02,849.75,784.1500244140625,810.0,822.2000122070312,8088986.0,811.1405029296875,878.1000061035156
2018-02-05,816.75,795.2000122070312,810.0,802.2999877929688,3079541.0,791.5081176757812,869.1850036621094
2018-02-06,788.4000244140625,752.7000122070312,765.0,782.6500244140625,3188895.0,772.1224975585938,856.4750061035156
2018-02-07,801.0,780.0,785.0,783.6500244140625,2686877.0,773.1090087890625,844.2700073242188
2018-02-08,808.9000244140625,780.7999877929688,785.0999755859375,800.75,2219546.0,789.97900390625,835.6550048828125
2018-02-09,804.0,783.0499877929688,790.0999755859375,796.7999877929688,1564899.0,786.0820922851562,826.9250061035157
2018-02-12,812.7999877929688,796.5499877929688,803.0,809.0499877929688,2067452.0,798.1672973632812,818.2100036621093
2018-02-14,825.9000244140625,809.0999755859375,814.0,813.7000122070312,2154852.0,802.7548217773438,811.1650024414063
2018-02-15,823.2999877929688,800.0,822.7000122070312,814.8499755859375,2225089.0,803.8892822265625,805.6950012207031
2018-02-16,826.9000244140625,798.6500244140625,820.0,803.2000122070312,1698333.0,792.3960571289062,802.9150024414063
2018-02-19,809.0,790.0,805.0,803.9500122070312,1699508.0,793.135986328125,801.0900024414062
2018-02-20,837.9000244140625,797.6500244140625,803.9500122070312,832.25,3881439.0,821.0552978515625,804.0850036621093
2018-02-21,841.5,818.75,837.9500122070312,822.9000244140625,2067029.0,811.8311157226562,808.1100036621094
2018-02-22,836.0,814.0499877929688,825.0,817.5,3244314.0,806.5037231445312,811.4950012207031
2018-02-23,823.5999755859375,810.25,822.2000122070312,814.2000122070312,2446637.0,803.248046875,812.8400024414062
2018-02-26,823.3499755859375,805.0,819.9500122070312,819.7000122070312,2438241.0,808.6741333007812,815.1300048828125
2018-02-27,835.7000122070312,819.25,825.0,822.5999755859375,2089446.0,811.5350341796875,816.4850036621094
2018-02-28,825.9000244140625,810.4000244140625,819.7999877929688,816.1500244140625,1583674.0,805.171875,816.7300048828125
2018-03-01,822.2999877929688,808.0,814.0,810.2000122070312,975986.0,799.3018798828125,816.2650085449219
2018-03-05,814.8499755859375,801.0,810.0,808.9000244140625,1262568.0,798.0193481445312,816.835009765625
2018-03-06,823.2000122070312,799.0499877929688,812.5,807.6500244140625,1358775.0,796.7861938476562,817.2050109863281
2018-03-07,820.0999755859375,800.2000122070312,806.0,814.8499755859375,1826249.0,803.8892822265625,815.4650085449218
2018-03-08,822.2999877929688,808.0499877929688,820.0,817.7000122070312,1109489.0,806.7010498046875,814.9450073242188
2018-03-09,827.5999755859375,815.5,820.0,819.0999755859375,1061685.0,808.0821533203125,815.1050048828125
2018-03-12,831.5999755859375,822.4000244140625,824.0,829.0999755859375,1033715.0,817.9476318359375,816.5950012207031
2018-03-13,860.0,830.0,836.0,851.9500122070312,2754435.0,840.4902954101562,819.8200012207031
2018-03-14,867.8499755859375,849.9500122070312,851.0,865.0,1889040.0,853.36474609375,824.0600036621094
2018-03-15,875.75,860.0,864.9000244140625,872.5,2486538.0,860.7638549804688,829.6950012207031
2018-03-16,883.4000244140625,862.0999755859375,879.0,879.25,2538310.0,867.423095703125,836.6
2018-03-19,891.8499755859375,864.0,879.7000122070312,869.0,2536517.0,857.3109741210938,842.6099975585937
2018-03-20,880.0,860.0999755859375,867.0,871.75,1985478.0,860.02392578125,849.0199951171875
2018-03-21,884.7000122070312,869.5999755859375,875.0,872.25,1859947.0,860.5172119140625,854.7599975585938
2018-03-22,892.0,872.25,873.0,887.5499877929688,3186401.0,875.6113891601562,861.7449951171875
2018-03-23,900.0,872.8499755859375,874.0999755859375,895.0499877929688,4132765.0,883.0105590820312,869.3399963378906
2018-03-26,949.7999877929688,896.4500122070312,896.4500122070312,939.0499877929688,5918775.0,926.418701171875,880.3349975585937
2018-03-27,949.5,932.3499755859376,948.4500122070312,942.4000244140624,2756923.0,929.7236328125,889.3799987792969
2018-03-28,964.0,918.0,938.2000122070312,942.2999877929688,11431588.0,929.625,897.1099975585937
2018-04-02,948.5,926.2999877929688,943.0999755859376,944.0999755859376,2764385.0,931.4007568359376,904.2699951171875
2018-04-03,951.7000122070312,924.5499877929688,944.9000244140624,931.9500122070312,2454365.0,919.4142456054688,909.5399963378907
2018-04-04,939.7000122070312,902.0,939.7000122070312,904.3499755859376,2930774.0,892.1854248046875,913.0749938964843
2018-04-05,924.0,902.6500244140624,915.0,920.0499877929688,4148653.0,907.6742553710938,917.9049926757813
2018-04-06,946.0,908.0499877929688,922.0,940.2999877929688,2819200.0,927.65185546875,924.7099914550781
2018-04-09,971.7999877929688,947.0499877929688,950.0,960.6500244140624,5116819.0,947.7282104492188,932.0199951171875
2018-04-10,968.9000244140624,953.0999755859376,964.8499755859376,962.25,2434826.0,949.306640625,938.7399963378906
2018-04-11,981.4000244140624,958.0999755859376,967.0,979.9500122070312,3452488.0,966.7686157226562,942.8299987792968
2018-04-12,993.0,971.3499755859376,982.25,976.0499877929688,4379096.0,962.9210205078124,946.1949951171875
2018-04-13,994.7999877929688,980.5,986.0499877929688,987.1500244140624,3311755.0,973.8717041015624,950.6799987792969
2018-04-16,991.9000244140624,973.2999877929688,986.0,980.5,2247785.0,967.3111572265624,954.3200012207031
2018-04-17,999.0,974.0999755859376,985.0,997.5999755859376,2983704.0,984.18115234375,960.8849975585938
2018-04-18,999.7000122070312,975.0999755859376,999.7000122070312,977.0999755859376,2621345.0,963.9568481445312,968.1599975585938
2018-04-19,983.0,949.2000122070312,978.5,952.75,3347181.0,939.9343872070312,971.4299987792969
2018-04-20,965.4000244140624,947.0499877929688,950.0,956.5499877929688,2201052.0,943.6832885742188,973.0549987792969
2018-04-23,973.2000122070312,948.5999755859376,960.0,962.9500122070312,2295872.0,949.9971923828124,973.2849975585938
2018-04-24,971.2999877929688,954.25,966.0,961.9500122070312,1473491.0,949.0106201171876,973.2549987792969
2018-04-25,968.0,955.0999755859376,961.75,960.8499755859376,1385599.0,947.9254760742188,971.3449951171875
2018-04-26,972.4500122070312,955.0,963.5,969.5,1859223.0,956.4591064453124,970.6899963378906
2018-04-27,978.0,963.5999755859376,972.0,970.0,1049687.0,956.952392578125,968.9749938964844
2018-04-30,984.9000244140624,968.0,970.5,981.7999877929688,1083840.0,968.5936889648438,969.1049926757812
2018-05-02,985.4500122070312,960.4000244140624,981.9500122070312,964.5,1027474.0,951.5263671875,965.7949951171875
2018-05-03,977.75,951.0,964.7999877929688,959.3499755859376,1585290.0,946.4456176757812,964.0199951171875
2018-05-04,966.0,952.3499755859376,961.0,958.0999755859376,958663.0,945.21240234375,964.5549926757812
2018-05-07,980.9000244140624,957.2999877929688,962.0,968.9500122070312,1987395.0,955.91650390625,965.7949951171875
2018-05-08,978.9500122070312,963.0,978.9500122070312,968.0999755859376,1979745.0,955.0779418945312,966.3099914550781
2018-05-09,995.5999755859376,971.0,974.9000244140624,985.7000122070312,4201827.0,972.4412231445312,968.6849914550781
2018-05-10,993.8499755859376,965.5499877929688,991.4000244140624,973.0999755859376,3434978.0,960.0106811523438,969.9099914550782
2018-05-11,991.8499755859376,952.0,990.0,956.0499877929688,5712581.0,943.1900024414062,968.564990234375
2018-05-14,962.0,917.0499877929688,960.0,920.0,3754208.0,907.6248779296876,963.564990234375
2018-05-15,944.4500122070312,909.25,925.0,931.0,3154028.0,918.4769897460938,958.4849914550781
2018-05-16,939.5,915.8499755859376,928.0,931.1500244140624,1923381.0,918.6249389648438,955.1499938964844
2018-05-17,949.0,927.7000122070312,935.8499755859376,936.5,2895005.0,923.9030151367188,952.8649963378906
2018-05-18,945.8499755859376,930.2999877929688,937.0,939.9500122070312,2574768.0,927.3065795898438,951.05
2018-05-21,944.5,912.75,940.5999755859376,915.25,1233987.0,902.9388427734376,945.6799987792969
2018-05-22,930.8499755859376,904.0499877929688,915.0,914.2000122070312,2086584.0,901.9030151367188,940.2900024414063
2018-05-23,923.0,908.0999755859376,914.2000122070312,920.0999755859376,1938630.0,907.7235717773438,933.7299987792969
2018-05-24,926.7999877929688,913.9500122070312,923.0,921.2999877929688,1209456.0,908.9074096679688,928.55
2018-05-25,938.5999755859376,915.0999755859376,923.3499755859376,924.4000244140624,1700500.0,911.9658203125,925.3850036621094
2018-05-28,935.5999755859376,917.5,928.0,928.9000244140624,1139544.0,916.4052734375,926.2750061035156
2018-05-29,930.5,912.0,929.0,914.5,999806.0,902.198974609375,924.6250061035156
2018-05-30,919.0,897.2000122070312,906.0,913.5999755859376,1911011.0,901.3109741210938,922.8700012207031
2018-05-31,924.0,890.1500244140625,918.7000122070312,900.0999755859375,4903734.0,887.9925537109375,919.2299987792969
2018-06-01,912.3499755859376,898.0,907.5,900.0,1392273.0,887.8939819335938,915.2349975585937
2018-06-04,907.9500122070312,881.5999755859375,906.0,885.3499755859375,1529852.0,873.4409790039062,912.2449951171875
2018-06-05,886.4500122070312,858.2000122070312,885.0,863.9500122070312,2948255.0,852.328857421875,907.2199951171875
2018-06-06,904.0,853.2999877929688,860.0999755859375,899.4500122070312,2854320.0,887.3513793945312,905.1549987792969
2018-06-07,906.7000122070312,884.2000122070312,902.0999755859376,887.1500244140625,2875636.0,875.2168579101562,901.7400024414062
2018-06-08,898.0,880.4000244140625,887.1500244140625,896.0,1672490.0,883.94775390625,898.9
2018-06-11,914.0,896.0,897.0,903.3499755859376,2032601.0,891.1989135742188,896.3449951171875
2018-06-12,911.0,901.0999755859376,903.4500122070312,904.7000122070312,1426736.0,892.53076171875,895.3649963378906
2018-06-13,926.7999877929688,905.0,906.7000122070312,918.1500244140624,2933810.0,905.7998046875,895.8200012207031
2018-06-14,921.3499755859376,903.25,918.1500244140624,905.25,2004165.0,893.0733032226562,896.3350036621093
2018-06-15,916.9000244140624,898.5,910.7999877929688,903.4500122070312,2364375.0,891.2975463867188,896.6800048828125
2018-06-18,905.25,891.7000122070312,904.0,897.7000122070312,1309586.0,885.6249389648438,897.9150085449219
2018-06-19,896.4500122070312,886.0,896.0,889.0,1833168.0,877.0419311523438,900.4200073242188
2018-06-20,897.0,880.5,892.0,888.3499755859375,1850681.0,876.4006958007812,899.3100036621094
2018-06-21,894.7999877929688,866.0,894.0,868.4000244140625,1274479.0,856.718994140625,897.4350036621094
2018-06-22,881.75,859.0,870.7000122070312,877.5499877929688,2183928.0,865.7459106445312,895.5900024414062
2018-06-25,885.2999877929688,862.0,878.0,864.0,1217765.0,852.3782348632812,891.6550048828125
2018-06-26,874.5,862.0,863.9000244140625,872.1500244140625,1801638.0,860.4185791015625,888.4000061035156
2018-06-27,879.5,867.0,872.0,869.6500244140625,2037781.0,857.9522094726562,883.5500061035157
2018-06-28,868.0,830.0,868.0,836.3499755859375,9824968.0,825.10009765625,876.6600036621094
2018-06-29,881.7999877929688,826.0499877929688,826.0499877929688,878.5,4960179.0,866.6831665039062,874.1650024414063
2018-07-02,906.9000244140624,870.1500244140625,883.0999755859375,897.4000244140625,3353006.0,885.3290405273438,874.1350036621094
2018-07-03,902.7999877929688,883.7999877929688,890.2000122070312,893.2000122070312,2770123.0,881.1854858398438,874.5550048828125
2018-07-04,899.3499755859375,882.5,893.25,886.5499877929688,1104449.0,874.6248779296875,874.3750061035156
2018-07-05,870.75,833.25,869.5999755859375,838.0,6128988.0,826.7279052734375,871.3350036621093
2018-07-06,848.5,813.0,838.0,829.6500244140625,6884175.0,818.490234375,866.5450073242188
2018-07-09,836.2999877929688,817.6500244140625,834.9000244140625,821.7999877929688,4098360.0,810.745849609375,862.3250061035156
2018-07-10,840.0,822.4000244140625,823.0,832.8499755859375,2670508.0,821.647216796875,858.3950012207031
2018-07-11,833.1500244140625,805.5999755859375,833.1500244140625,809.5,2909483.0,798.6112670898438,852.3799987792969
2018-07-12,823.25,804.0,816.3499755859375,808.4500122070312,2832418.0,797.575439453125,849.5900024414062
2018-07-13,842.0,799.6500244140625,813.0,838.7000122070312,4995028.0,827.4185180664062,845.6100036621094
2018-07-16,844.0999755859375,816.0999755859375,839.0,831.2000122070312,3256321.0,820.0194091796875,838.9900024414062
2018-07-17,855.2000122070312,826.0,831.4000244140625,845.1500244140625,2849218.0,833.7817993164062,834.1850036621094
2018-07-18,856.0999755859375,838.0999755859375,848.0,846.2000122070312,2660188.0,834.817626953125,830.1500061035156
2018-07-19,874.7999877929688,847.0499877929688,851.9000244140625,869.8499755859375,3924410.0,858.1495361328125,833.3350036621093
2018-07-20,876.5999755859375,857.4000244140625,869.0,860.4000244140625,2048572.0,848.8265991210938,836.4100036621094
2018-07-23,866.0,845.2000122070312,859.0,858.75,1334621.0,850.9074096679688,840.1050048828125
2018-07-24,870.9000244140625,851.5,859.0,861.6500244140625,2015425.0,853.781005859375,842.985009765625
2018-07-25,871.5999755859375,853.0,868.0,865.9000244140625,1453640.0,857.9921264648438,848.6250122070312
2018-07-26,869.9500122070312,850.5,869.9500122070312,854.5,1167616.0,846.6962280273438,853.2300109863281
2018-07-27,894.5,852.2000122070312,859.9500122070312,884.0999755859375,3210162.0,876.02587890625,857.7700073242188
2018-07-30,903.0,880.7999877929688,882.7999877929688,892.0499877929688,2418684.0,883.9033203125,863.8550048828125
2018-07-31,914.0,886.4000244140625,893.0,912.3499755859376,2165312.0,904.0179443359376,870.575
2018-08-01,920.5,905.2999877929688,915.0,917.3499755859376,1818993.0,908.9722900390624,877.6899963378906
2018-08-02,933.5999755859376,909.25,915.0,921.5,2313020.0,913.0843505859376,882.8549987792969
2018-08-03,942.0,902.2000122070312,930.0,919.2000122070312,9358677.0,910.805419921875,888.7349975585937
2018-08-06,939.0999755859376,896.75,928.7000122070312,901.6500244140624,3763151.0,893.4156494140625,893.025
2018-08-07,931.9000244140624,898.7000122070312,904.6500244140624,927.25,4450697.0,918.7818603515624,899.5849975585937
2018-08-08,936.5,921.0,929.0999755859376,935.0,2163746.0,926.4610595703124,906.4949951171875
2018-08-09,934.7999877929688,909.2999877929688,934.7999877929688,915.2999877929688,2536080.0,906.9409790039062,912.5749938964843
2018-08-10,932.0,913.0,915.0,920.0999755859376,2105317.0,911.6971435546876,916.1749938964844
2018-08-13,924.0,910.5499877929688,915.0,913.6500244140624,1316517.0,905.3060913085938,918.3349975585937
2018-08-14,927.0,914.0499877929688,914.2000122070312,925.5999755859376,1404450.0,917.1469116210938,919.6599975585938
2018-08-16,929.0,917.0,924.0,919.4500122070312,1196749.0,911.0531005859376,919.8700012207031
2018-08-17,945.0,921.5499877929688,924.9000244140624,941.5499877929688,2697290.0,932.9512329101562,921.875
2018-08-20,943.5,914.1500244140624,942.0,921.7000122070312,2529831.0,913.2825317382812,922.125
2018-08-21,927.9500122070312,905.7999877929688,924.6500244140624,916.2999877929688,2531200.0,907.9318237304688,923.5899963378906
2018-08-23,926.4000244140624,907.0999755859376,925.0,911.9000244140624,1571386.0,903.5720825195312,922.0549987792969
2018-08-24,915.9000244140624,882.5,912.4000244140624,885.3499755859375,3218302.0,877.2644653320312,917.0899963378906
2018-08-27,900.0,887.0999755859375,894.0,890.9000244140625,1789147.0,882.7638549804688,914.65
2018-08-28,897.75,871.5499877929688,895.0,888.2999877929688,3563757.0,880.1875,911.4700012207031
2018-08-29,895.5999755859375,876.5,888.0,882.7999877929688,1863018.0,874.73779296875,908.3849975585938
2018-08-30,891.0,876.0,884.4500122070312,878.3499755859375,1758855.0,870.328369140625,903.6599975585938
2018-08-31,894.7999877929688,877.0999755859375,881.0,891.9000244140625,1677232.0,883.7546997070312,900.9049987792969
2018-09-03,921.3499755859376,891.1500244140625,896.8499755859375,912.75,4972521.0,904.4142456054688,898.025
2018-09-04,928.4000244140624,877.0999755859375,917.0,880.9000244140625,3880086.0,872.8551635742188,893.9450012207031
2018-09-05,882.4000244140625,851.6500244140625,875.0999755859375,863.9000244140625,2990706.0,856.0104370117188,888.7050048828125
2018-09-06,883.5,858.0999755859375,871.0,867.1500244140625,2399973.0,859.230712890625,884.2300048828125
2018-09-07,876.0,861.0499877929688,871.0,867.4500122070312,1297983.0,859.5279541015625,882.4400085449219
2018-09-10,868.0,850.0,864.0,857.5499877929688,1576682.0,849.7183837890625,879.1050048828125
2018-09-11,860.9000244140625,815.7999877929688,860.0,820.75,4918816.0,813.2544555664062,872.3500061035156
2018-09-12,838.3499755859375,790.1500244140625,817.0,826.4500122070312,6728840.0,818.9024047851562,866.7150085449218
2018-09-14,852.0,829.25,838.0,842.5999755859375,3329172.0,834.9049072265625,863.1400085449219
2018-09-17,838.0,816.7000122070312,834.7999877929688,823.4500122070312,2843632.0,815.9298095703125,856.2950073242188
2018-09-18,843.9500122070312,818.6500244140625,819.0,824.9000244140625,3331397.0,817.3665771484375,847.510009765625
2018-09-19,829.7999877929688,786.0999755859375,812.5,823.5999755859375,5347338.0,816.0784301757812,841.7800048828125
2018-09-21,836.6500244140625,779.2000122070312,834.2000122070312,800.5999755859375,4259892.0,793.2884521484375,835.45
2018-09-24,805.0,773.3499755859375,801.7999877929688,791.0999755859375,3244812.0,783.8751831054688,827.8449951171875
2018-09-25,814.2999877929688,778.1500244140625,791.0,796.8499755859375,3150095.0,789.57275390625,820.7849914550782
2018-09-26,820.0,802.1500244140625,812.0,814.7000122070312,4080359.0,807.2597045898438,816.4999938964844
2018-09-27,843.6500244140625,815.5,833.5999755859375,821.4500122070312,7668506.0,813.9480590820312,816.5699951171875
2018-09-28,831.1500244140625,794.3499755859375,823.0999755859375,805.5999755859375,3145969.0,798.2427978515625,814.4849914550781
2018-10-01,814.4000244140625,782.0,800.0,809.75,2445752.0,802.3549194335938,811.1999938964843
2018-10-03,813.0,791.2000122070312,811.5,794.5,3478716.0,787.2442016601562,808.3049926757812
2018-10-04,797.5,760.2999877929688,785.0,776.7000122070312,4579535.0,769.6068115234375,803.4849914550781
2018-10-05,815.7000122070312,784.0,788.25,792.0999755859375,7398167.0,784.8660888671875,800.3349914550781
2018-10-08,819.0,774.7000122070312,792.0,813.5499877929688,3961739.0,806.1201782226562,801.6299926757813
2018-10-09,820.9500122070312,732.2999877929688,818.9500122070312,749.5,8683946.0,742.6552124023438,797.4699951171875
2018-10-10,796.3499755859375,740.0,746.0,788.5499877929688,7285084.0,781.3485107421875,796.6399963378906
2018-10-11,798.0,754.5499877929688,764.0,778.9000244140625,3766505.0,771.7866821289062,793.0599975585938
2018-10-12,809.75,777.0999755859375,784.0,805.1500244140625,4322158.0,797.7969360351562,791.4299987792969
2018-10-15,812.0,788.75,805.2000122070312,807.2000122070312,2234430.0,799.8281860351562,791.5900024414062
2018-10-16,819.6500244140625,808.0,811.0,810.5999755859375,2347048.0,803.1971435546875,791.675
2018-10-17,823.2999877929688,792.5499877929688,817.0999755859375,800.0999755859375,2975579.0,792.7930297851562,792.2349975585937
2018-10-19,810.0,782.5,810.0,788.7000122070312,2892515.0,781.4971923828125,793.4349975585938
2018-10-22,795.9000244140625,773.2000122070312,793.4000244140625,774.7999877929688,2766247.0,767.7240600585938,791.7049987792968
2018-10-23,787.0,766.1500244140625,771.9000244140625,778.2000122070312,2239883.0,771.0930786132812,788.1700012207032
2018-10-24,794.7999877929688,772.25,785.3499755859375,791.5999755859375,2060580.0,784.37060546875,792.3799987792969
2018-10-25,796.0,777.7999877929688,785.0,791.25,1681346.0,784.0238647460938,792.65
2018-10-26,820.0,786.6500244140625,790.0,806.9000244140625,3738778.0,799.531005859375,795.45
2018-10-29,834.4500122070312,807.6500244140625,813.0,829.75,2473393.0,822.1723022460938,797.9099975585938
2018-10-30,841.4000244140625,819.4000244140625,829.0,830.5,1876874.0,822.9154052734375,800.2399963378906
2018-10-31,847.9000244140625,818.5,837.5,844.5999755859375,2435865.0,836.8865966796875,803.6399963378906
2018-11-01,862.9000244140625,834.4000244140625,844.5999755859375,854.4500122070312,2485725.0,846.646728515625,809.075
2018-11-02,884.0,857.9000244140625,860.0,871.0,3078543.0,863.0455322265625,817.3049987792969
2018-11-05,872.4000244140625,856.5499877929688,870.0,863.7000122070312,1903690.0,855.812255859375,826.1950012207031
2018-11-06,877.5999755859375,840.2000122070312,869.0,846.25,2504504.0,838.5216064453125,833.0
2018-11-07,855.9500122070312,847.5999755859375,855.0,850.1500244140625,331169.0,842.385986328125,838.8550048828125
2018-11-09,865.0,844.0,855.0,847.6500244140625,3528039.0,839.9088134765625,844.4950073242187
2018-11-12,901.5,843.2000122070312,857.0,894.75,13985301.0,886.5786743164062,853.2800048828125
2018-11-13,899.6500244140625,879.0999755859375,889.2000122070312,897.5,4432001.0,889.3035278320312,860.0550048828125
2018-11-14,897.5,883.0,897.0499877929688,892.2000122070312,2606605.0,884.052001953125,866.2250061035156
2018-11-15,924.0,889.0,892.25,920.7999877929688,4711756.0,912.3907470703124,873.8450073242187
2018-11-16,928.7000122070312,912.7000122070312,921.0,921.3499755859376,2769698.0,912.9356689453124,880.5350036621094
2018-11-19,927.0,915.0499877929688,922.0,920.5499877929688,2104102.0,912.14306640625,885.4900024414062
2018-11-20,925.2000122070312,908.8499755859376,919.0,915.4500122070312,1540046.0,907.089599609375,890.6650024414063
2018-11-21,929.9000244140624,909.5499877929688,917.5,926.5499877929688,1855760.0,918.0881958007812,898.6950012207031
2018-11-22,933.4000244140624,911.7999877929688,929.0,915.75,1617491.0,907.3869018554688,905.2549987792969
2018-11-26,920.5,892.5999755859375,913.0999755859376,916.4000244140624,2116814.0,908.0309448242188,912.1299987792969
2018-11-27,918.0,906.0,914.0,914.2999877929688,1126278.0,905.9500732421876,914.0849975585937
2018-11-28,931.0,915.0,916.0,922.9500122070312,2434110.0,914.5211181640624,916.6299987792969
2018-11-29,933.9000244140624,913.0,929.0499877929688,931.4000244140624,1991914.0,922.8939819335938,920.55
2018-11-30,931.0,918.0,929.9500122070312,927.0999755859376,2738673.0,918.6332397460938,921.1799987792969
2018-12-03,939.7999877929688,920.5,932.5499877929688,936.25,2044427.0,927.6996459960938,922.6700012207032
2018-12-04,940.1500244140624,921.5,935.0,923.7999877929688,1424621.0,915.3633422851562,922.9950012207031
2018-12-05,925.6500244140624,901.5499877929688,921.0,920.25,3020688.0,911.8457641601562,923.475
2018-12-06,920.0,902.0,913.0,905.75,1425935.0,897.4781494140625,921.3950012207031
2018-12-07,921.4500122070312,893.2999877929688,911.0,916.5999755859376,2750589.0,908.2290649414062,921.4799987792969
2018-12-10,916.0,898.0,905.0,907.0999755859376,1508069.0,898.8158569335938,920.5499938964844
2018-12-11,936.9500122070312,894.1500244140625,899.0,933.1500244140624,2792386.0,924.6279907226562,922.4349975585938
2018-12-12,938.0999755859376,921.0,937.5,929.9500122070312,3256275.0,921.4572143554688,923.1349975585938
2018-12-13,961.25,924.25,932.0999755859376,944.1500244140624,4821052.0,935.5275268554688,924.4099975585938
2018-12-14,951.7000122070312,928.4500122070312,943.6500244140624,931.5,2558651.0,922.9930419921876,924.85
2018-12-17,937.2000122070312,925.4000244140624,931.75,935.2999877929688,2284630.0,926.7583618164062,924.7549987792969
2018-12-18,938.75,930.7999877929688,932.5,933.0,2222788.0,924.4793701171876,925.675
2018-12-19,941.5499877929688,927.5,933.0999755859376,929.2000122070312,2237859.0,920.7140502929688,926.5700012207031
2018-12-20,933.0,922.2000122070312,928.0,926.75,1630740.0,918.2864379882812,928.6700012207032
2018-12-21,927.8499755859376,897.25,927.8499755859376,900.0499877929688,2972085.0,891.8302612304688,927.0150024414063
2018-12-24,902.7999877929688,874.0,900.0999755859375,879.8499755859375,2554749.0,871.814697265625,924.2900024414063
2018-12-26,900.0,868.2000122070312,879.0,889.1500244140625,3840772.0,881.0298461914062,919.8900024414063
2018-12-27,897.7999877929688,881.5,896.0,887.6500244140625,2160188.0,879.5435180664062,915.6600036621094
2018-12-28,925.75,898.7999877929688,904.0,922.7000122070312,8067914.0,914.2733764648438,913.5150024414063
2018-12-31,939.5,920.3499755859376,926.0,931.0,4917511.0,922.4976196289062,913.4650024414062
2019-01-01,934.2000122070312,923.0,931.75,928.0,2064502.0,919.5250244140624,912.7350036621094
2019-01-02,937.0,923.2999877929688,923.2999877929688,932.1500244140624,2672587.0,923.6371459960938,912.6500061035156
2019-01-03,944.9500122070312,928.0,936.0,931.2000122070312,3292918.0,922.69580078125,912.8500061035156
2019-01-04,938.9000244140624,920.2000122070312,934.0,928.4500122070312,2340304.0,919.970947265625,913.0200073242188
2019-01-07,964.0,934.0999755859376,950.0,944.0499877929688,5337211.0,935.4284057617188,917.4200073242188
2019-01-08,950.0,938.5499877929688,944.2000122070312,946.1500244140624,2039160.0,937.50927734375,924.0500122070313
2019-01-09,955.3499755859376,945.3499755859376,949.0,952.9500122070312,2115974.0,944.2471923828124,930.4300109863282
2019-01-10,969.4000244140624,948.5499877929688,950.4000244140624,966.7000122070312,2450895.0,957.87158203125,938.335009765625
2019-01-11,969.5,956.7999877929688,965.25,959.2999877929688,1535995.0,950.5391845703124,941.9950073242187
2019-01-14,961.3499755859376,949.0,958.0,957.5,864306.0,948.755615234375,944.6450073242188
2019-01-15,970.7000122070312,955.0999755859376,956.0,968.2999877929688,1452136.0,959.4569091796876,948.6750061035157
2019-01-16,970.4000244140624,959.2999877929688,965.2999877929688,961.2000122070312,1118736.0,952.4218139648438,951.5800048828125
2019-01-17,965.0,951.5499877929688,961.3499755859376,961.5499877929688,1303576.0,952.7686157226562,954.6150024414062
2019-01-18,965.0,954.0499877929688,961.5499877929688,960.9500122070312,1168989.0,952.174072265625,957.8650024414062
2019-01-21,965.7999877929688,957.0,960.0999755859376,962.75,1035360.0,953.9576416015624,959.7350036621094
2019-01-22,986.4000244140624,958.7000122070312,962.1500244140624,982.6500244140624,2797244.0,973.6759643554688,963.3850036621094
2019-01-23,987.4000244140624,957.5999755859376,987.4000244140624,962.1500244140624,1574247.0,953.3630981445312,964.3050048828125
2019-01-24,972.2999877929688,955.9000244140624,960.2000122070312,969.6500244140624,1246903.0,960.7946166992188,964.6000061035156
2019-01-25,984.0,969.1500244140624,972.0,978.0,1985833.0,969.068359375,966.4700073242187
2019-01-28,981.2000122070312,955.2000122070312,978.0,958.6500244140624,1499181.0,949.8951416015624,966.585009765625
2019-01-29,970.0,945.0,955.2000122070312,966.0999755859376,1411027.0,957.2770385742188,966.3650085449219
2019-01-30,974.9500122070312,960.0499877929688,966.0999755859376,968.9000244140624,1468812.0,960.051513671875,967.135009765625
2019-01-31,1000.0,966.5,968.2000122070312,995.7999877929688,2306391.0,986.705810546875,970.560009765625
2019-02-01,1005.0,985.0999755859376,1003.0,991.5499877929688,3424938.0,982.49462890625,973.6200073242187
2019-02-04,1050.0,1009.0499877929688,1025.0,1025.75,9556052.0,1016.3822631835938,979.9200073242188
2019-02-05,1074.0,1020.0,1026.949951171875,1066.699951171875,7144200.0,1056.958251953125,988.325
2019-02-06,1072.0,1050.5,1066.0,1059.050048828125,2449722.0,1049.3782958984377,998.0150024414063
2019-02-07,1067.050048828125,1050.0,1059.800048828125,1056.800048828125,1293109.0,1047.1488037109377,1006.7300048828125
2019-02-08,1076.8499755859377,1047.5999755859377,1058.5,1053.25,2576054.0,1043.6312255859377,1014.2550048828125
2019-02-11,1063.5,1045.199951171875,1059.0,1056.4000244140623,1057548.0,1046.75244140625,1024.0300048828126
2019-02-12,1073.949951171875,1050.0999755859377,1058.0,1066.25,3075801.0,1056.5123291015623,1034.0450073242187
2019-02-14,1063.949951171875,1030.5,1063.949951171875,1042.25,2182379.0,1032.7315673828123,1041.3800048828125
2019-02-15,1052.0,1016.7999877929688,1035.0,1039.0,2566210.0,1029.51123046875,1045.7000061035155
2019-02-18,1040.6500244140623,1021.2999877929688,1040.0999755859377,1027.3499755859377,1023065.0,1017.9676513671876,1049.2800048828126
2019-02-19,1049.800048828125,1025.300048828125,1030.449951171875,1028.800048828125,1551617.0,1019.404541015625,1049.585009765625
2019-02-20,1044.4000244140623,1027.5,1030.0,1032.75,1506583.0,1023.3184204101562,1046.1900146484375
2019-02-21,1045.0,1031.25,1039.9000244140623,1042.5,1220939.0,1032.9793701171877,1044.535009765625
2019-02-22,1044.0,1030.300048828125,1035.5,1041.5999755859377,1298608.0,1032.0875244140623,1043.0150024414063
2019-02-25,1055.0,1035.5999755859377,1038.0,1043.0,1691809.0,1033.4747314453123,1041.9900024414062
2019-02-26,1041.9000244140623,1016.0499877929688,1039.0,1038.3499755859377,1906268.0,1028.8671875,1040.1849975585938
2019-02-27,1047.1500244140623,1013.9500122070312,1042.9000244140623,1016.25,1897310.0,1006.9690551757812,1035.1849975585938
2019-02-28,1033.800048828125,1002.0499877929688,1018.0,1025.199951171875,5080712.0,1015.8372802734376,1033.4799926757812
2019-03-01,1036.0,1017.0999755859376,1031.9000244140623,1021.3499755859376,1967656.0,1012.0224609375,1031.714990234375
2019-03-05,1039.949951171875,1016.2000122070312,1023.5999755859376,1035.0,1577329.0,1025.5477294921877,1032.4799926757812
2019-03-06,1060.9000244140623,1028.300048828125,1038.0,1055.949951171875,2758056.0,1046.3065185546877,1035.1949829101563
2019-03-07,1069.0,1039.0,1069.0,1043.300048828125,2584721.0,1033.7720947265623,1036.2499877929688
2019-03-08,1059.550048828125,1037.0,1044.75,1053.199951171875,2179863.0,1043.58154296875,1037.3199829101563
2019-03-11,1074.5999755859377,1057.5999755859377,1058.0,1069.199951171875,2837644.0,1059.4354248046877,1040.07998046875
2019-03-12,1095.949951171875,1072.0,1074.949951171875,1086.449951171875,3418782.0,1076.5279541015623,1044.4249755859375
2019-03-13,1093.9000244140623,1065.0999755859377,1087.4000244140623,1078.300048828125,2024554.0,1068.452392578125,1048.4199829101562
2019-03-14,1089.0,1063.1500244140623,1078.9000244140623,1086.3499755859377,1193296.0,1076.4288330078123,1055.42998046875
2019-03-15,1113.800048828125,1082.0,1087.0,1097.25,5318660.0,1087.2293701171877,1062.6349853515626
2019-03-18,1108.9000244140623,1092.0999755859377,1105.0,1101.300048828125,1856664.0,1091.242431640625,1070.6299926757813
2019-03-19,1112.0,1098.5999755859377,1102.0,1109.050048828125,1376594.0,1098.921630859375,1078.0349975585937
2019-03-20,1115.0,1098.0,1111.0,1102.3499755859377,1295061.0,1092.28271484375,1082.675
2019-03-22,1124.4000244140623,1093.699951171875,1103.5999755859377,1102.550048828125,2486418.0,1092.48095703125,1088.6
2019-03-25,1106.5,1090.4000244140623,1102.0,1100.0999755859377,909855.0,1090.05322265625,1093.2900024414062
2019-03-26,1120.0,1088.3499755859377,1105.0,1115.75,1851505.0,1105.5604248046877,1097.9450073242188
2019-03-27,1125.0,1106.0,1125.0,1116.5,1668427.0,1106.303466796875,1100.9500122070312
2019-03-28,1139.550048828125,1111.449951171875,1120.0,1134.25,2292966.0,1123.8914794921877,1106.5450073242187
2019-04-01,1148.0,1116.800048828125,1140.0,1120.3499755859377,1703651.0,1110.118408203125,1109.9450073242188
2019-04-02,1131.1500244140625,1108.4000244140623,1125.0,1111.9000244140623,1469173.0,1101.7454833984377,1111.410009765625
2019-04-03,1127.199951171875,1098.050048828125,1117.0,1100.5,1553200.0,1090.4495849609377,1111.3300048828125
2019-04-04,1122.5999755859377,1094.300048828125,1112.699951171875,1106.0999755859377,2463998.0,1095.9984130859377,1111.0349975585937
2019-04-05,1129.699951171875,1101.449951171875,1123.0,1106.4000244140623,4108366.0,1096.2957763671877,1111.4400024414062
2019-04-08,1115.0,1092.0,1109.0,1104.4000244140623,1672293.0,1094.3140869140623,1111.625
2019-04-09,1109.949951171875,1091.5,1109.0,1098.550048828125,1288739.0,1088.517578125,1111.4700073242188
2019-04-10,1105.0,1083.5,1099.4000244140623,1100.199951171875,1612236.0,1090.15234375,1109.9150024414062
2019-04-11,1106.949951171875,1090.0999755859377,1106.949951171875,1105.050048828125,1412462.0,1094.9581298828123,1108.7700073242188
2019-04-12,1107.949951171875,1094.0,1107.0,1097.0,1499571.0,1086.9815673828123,1105.0450073242187
2019-04-15,1102.0,1088.0,1102.0,1090.1500244140623,1116346.0,1080.1942138671877,1102.0250122070313
2019-04-16,1124.75,1092.4000244140623,1093.0999755859377,1120.050048828125,2144260.0,1109.8211669921877,1102.8400146484375
2019-04-18,1129.5,1113.5,1125.949951171875,1125.4000244140623,1609911.0,1115.122314453125,1105.3300170898438
2019-04-22,1132.0,1119.0999755859377,1125.0,1123.699951171875,1307412.0,1113.437744140625,1107.0900146484375
2019-04-23,1136.699951171875,1120.050048828125,1124.0,1129.550048828125,1237289.0,1119.234375,1109.4050170898438
2019-04-24,1152.0,1125.550048828125,1128.0,1149.1500244140625,1809133.0,1138.6552734375,1113.8800170898437
2019-04-25,1165.0,1135.4000244140625,1155.0,1141.300048828125,3579153.0,1130.8770751953125,1118.1550170898438
2019-04-26,1149.5,1131.0,1146.699951171875,1137.5,846570.0,1127.11181640625,1121.8850219726562
2019-04-30,1161.75,1133.5,1140.0,1158.550048828125,1469889.0,1147.969482421875,1127.2350219726563
2019-05-02,1160.0,1135.5999755859375,1159.0,1138.1500244140625,1517989.0,1127.755859375,1131.3500244140625
2019-05-03,1154.800048828125,1135.050048828125,1145.0,1145.050048828125,1146869.0,1134.5927734375,1136.8400268554688
2019-05-06,1142.800048828125,1075.0999755859377,1142.800048828125,1082.8499755859377,4064781.0,1072.9608154296877,1133.12001953125
2019-05-07,1105.0,1083.0,1097.800048828125,1086.5,2605628.0,1076.5775146484377,1129.2300170898438
2019-05-08,1100.0,1067.8499755859377,1090.0,1088.699951171875,3336769.0,1078.75732421875,1125.7300170898438
2019-05-09,1110.0,1088.699951171875,1100.0,1104.449951171875,4362293.0,1094.363525390625,1123.2200073242188
2019-05-10,1137.8499755859375,1094.300048828125,1108.0,1132.0999755859375,3032624.0,1121.7611083984377,1121.5150024414063
2019-05-13,1152.800048828125,1124.050048828125,1125.300048828125,1144.699951171875,2695155.0,1134.2459716796875,1121.8549926757812
2019-05-14,1163.0,1122.949951171875,1140.0,1154.75,2894382.0,1144.2042236328125,1123.5799926757813
2019-05-15,1167.5,1152.3499755859375,1160.0,1163.0,2476357.0,1152.37890625,1124.0249877929687
2019-05-16,1195.0,1159.949951171875,1162.699951171875,1186.449951171875,2948769.0,1175.6146240234375,1128.85498046875
2019-05-17,1203.0,1180.0,1184.0,1190.5,3265842.0,1179.6278076171875,1133.3999755859375
2019-05-20,1238.0,1205.0,1214.0,1231.6500244140625,2881354.0,1220.4019775390625,1148.27998046875
2019-05-21,1251.6500244140625,1233.3499755859375,1239.0,1244.4000244140625,3218291.0,1233.0355224609375,1164.0699829101563
2019-05-22,1250.9000244140625,1226.3499755859375,1245.949951171875,1241.0999755859375,1972398.0,1229.7655029296875,1179.3099853515625
2019-05-23,1262.800048828125,1216.25,1259.25,1220.25,2494025.0,1209.10595703125,1190.889990234375
2019-05-24,1229.949951171875,1194.449951171875,1221.0,1219.9000244140625,2423569.0,1208.75927734375,1199.6699951171875
2019-05-27,1243.5,1203.5,1226.5,1240.949951171875,1380441.0,1229.616943359375,1209.2949951171875
2019-05-28,1244.9000244140625,1222.699951171875,1243.0,1231.550048828125,1811869.0,1220.3028564453125,1216.975
2019-05-29,1237.699951171875,1224.199951171875,1232.0,1234.6500244140625,918488.0,1223.37451171875,1224.1400024414063
2019-05-30,1249.800048828125,1225.0,1234.0,1240.5999755859375,1081863.0,1229.2701416015625,1229.5550048828125
2019-05-31,1250.6500244140625,1227.0,1248.0,1235.75,1213810.0,1224.4644775390625,1234.0800048828125
2019-06-03,1269.0,1227.5,1239.0,1266.25,1627758.0,1254.6859130859375,1237.5400024414062
2019-06-04,1276.8499755859375,1243.800048828125,1267.0,1248.0,1378780.0,1236.6026611328125,1237.9
2019-06-06,1273.6500244140625,1244.6500244140625,1255.0,1269.449951171875,2345134.0,1257.856689453125,1240.7349975585937
2019-06-07,1274.949951171875,1254.0,1274.949951171875,1268.949951171875,1381956.0,1257.3612060546875,1245.6049926757812
2019-06-10,1289.199951171875,1270.0,1274.6500244140625,1277.0,1516266.0,1265.3377685546875,1251.314990234375
2019-06-11,1288.0,1266.800048828125,1278.0,1284.949951171875,1782094.0,1273.215087890625,1255.714990234375
2019-06-12,1292.699951171875,1277.550048828125,1284.949951171875,1288.8499755859375,1456438.0,1277.0794677734375,1261.4449829101563
2019-06-13,1298.25,1276.4000244140625,1283.0,1295.449951171875,1734153.0,1283.619140625,1267.5249755859375
2019-06-14,1297.949951171875,1277.0999755859375,1296.050048828125,1281.9000244140625,874483.0,1270.1929931640625,1271.65498046875
2019-06-17,1292.550048828125,1248.5,1286.0,1256.050048828125,2057502.0,1244.5791015625,1273.6849853515625
2019-06-18,1261.0,1235.0,1256.050048828125,1257.5,1845151.0,1246.015869140625,1272.8099853515625
2019-06-19,1288.0,1257.6500244140625,1280.0,1275.0999755859375,1650715.0,1263.455078125,1275.5199829101562
2019-06-20,1308.949951171875,1266.050048828125,1274.5,1306.5999755859375,1693438.0,1294.6673583984375,1279.2349853515625
2019-06-21,1317.0,1288.25,1306.0,1292.3499755859375,2640376.0,1280.5474853515625,1281.5749877929688
2019-06-24,1307.4000244140625,1291.050048828125,1302.0,1300.050048828125,1419605.0,1288.17724609375,1283.8799926757813
2019-06-25,1320.8499755859375,1296.050048828125,1309.0,1318.1500244140625,1955640.0,1306.1119384765625,1287.2
2019-06-26,1322.9000244140625,1306.6500244140625,1312.5999755859375,1309.050048828125,1335984.0,1297.0950927734375,1289.2200073242188
2019-06-27,1332.699951171875,1306.75,1309.0999755859375,1329.199951171875,1841074.0,1317.06103515625,1292.5950073242188
2019-06-28,1337.050048828125,1318.0,1325.0,1334.699951171875,1345592.0,1322.5107421875,1297.875
2019-07-01,1340.9000244140625,1321.1500244140625,1330.0999755859375,1323.199951171875,1554897.0,1311.1158447265625,1304.589990234375
2019-07-02,1332.199951171875,1310.5,1325.0,1324.0,1397406.0,1311.908447265625,1311.239990234375
2019-07-03,1333.5,1316.5,1329.550048828125,1328.449951171875,1351543.0,1316.3177490234375,1316.5749877929688
2019-07-04,1321.800048828125,1286.0,1321.800048828125,1290.3499755859375,2901447.0,1278.5657958984375,1314.9499877929688
2019-07-05,1300.550048828125,1249.699951171875,1283.5,1278.0999755859375,3015054.0,1266.4276123046875,1313.5249877929687
2019-07-08,1270.9000244140625,1245.699951171875,1260.0,1252.449951171875,2308725.0,1241.0118408203125,1308.7649780273437
2019-07-09,1175.0,1073.0,1175.0,1098.949951171875,22143587.0,1088.913818359375,1286.844970703125
2019-07-10,1125.0,1088.3499755859377,1103.0,1101.199951171875,6366343.0,1091.1431884765623,1266.0599609375
2019-07-11,1115.6500244140623,1071.4000244140623,1109.0,1097.0,5179244.0,1086.9815673828123,1242.8399658203125
2019-07-12,1129.0,1090.0,1104.0,1101.199951171875,4845853.0,1091.1431884765623,1219.4899658203126
2019-07-15,1110.050048828125,1077.3499755859377,1110.0,1089.4000244140623,2563929.0,1079.4510498046877,1196.1099731445313
2019-07-16,1118.0,1082.550048828125,1092.0,1114.75,2457767.0,1104.5694580078123,1175.1849731445313
2019-07-17,1118.0,1105.300048828125,1110.25,1109.9000244140623,2538956.0,1099.7637939453123,1153.32998046875
2019-07-18,1106.5,1056.199951171875,1105.0,1080.0,3482208.0,1070.1368408203123,1132.2949829101562
2019-07-19,1103.0,1077.949951171875,1090.0,1091.050048828125,3302082.0,1081.0859375,1113.589990234375
2019-07-22,1092.0,1062.0999755859377,1087.9000244140623,1085.550048828125,2341863.0,1075.63623046875,1096.9
2019-07-23,1109.9000244140623,1086.4000244140623,1090.0,1099.1500244140623,2527679.0,1089.1119384765623,1096.9200073242187
2019-07-24,1110.0,1081.25,1101.0,1087.4000244140623,1732174.0,1077.46923828125,1095.5400146484376
2019-07-25,1100.699951171875,1084.5999755859377,1093.9000244140623,1090.449951171875,1770220.0,1080.4913330078123,1094.885009765625
2019-07-26,1112.199951171875,1083.0,1085.800048828125,1106.4000244140623,1128870.0,1096.2957763671877,1095.4050170898438
2019-07-29,1109.0,1071.9000244140623,1106.9000244140623,1078.9000244140623,1661014.0,1073.9000244140623,1094.3550170898438
2019-07-30,1093.5999755859377,1072.0999755859377,1080.0,1079.199951171875,2335907.0,1079.199951171875,1090.8000122070312
2019-07-31,1079.1500244140623,1041.0,1079.1500244140623,1056.3499755859377,3050699.0,1056.3499755859377,1085.4450073242188
2019-08-01,1069.3499755859377,1041.4000244140623,1052.0999755859377,1057.300048828125,2321381.0,1057.300048828125,1083.1750122070312
2019-08-02,1075.4000244140623,1046.050048828125,1062.0,1064.699951171875,1789229.0,1064.699951171875,1080.5400024414062
2019-08-05,1059.5,1026.5999755859377,1059.5,1036.800048828125,1962260.0,1036.800048828125,1075.6650024414062
2019-08-06,1070.0,1021.25,1027.0,1046.699951171875,5738839.0,1046.699951171875,1070.4199951171875
2019-08-07,1040.9000244140623,998.0,1022.0,1028.449951171875,8983860.0,1028.449951171875,1064.5249877929687
2019-08-08,1059.800048828125,1011.6500244140624,1036.0,1041.0999755859377,2553976.0,1041.0999755859377,1059.589990234375
2019-08-09,1077.0,1041.5,1050.0,1067.0,2944544.0,1067.0,1055.6499877929687
2019-08-13,1088.5,1056.0999755859377,1070.0,1063.8499755859377,3293100.0,1063.8499755859377,1054.1449829101562
2019-08-14,1090.8499755859377,1051.050048828125,1054.0999755859377,1084.0,1834669.0,1084.0,1054.6249877929688
2019-08-16,1084.300048828125,1070.199951171875,1075.0,1075.800048828125,1366746.0,1075.800048828125,1056.5699951171875
2019-08-19,1104.699951171875,1080.1500244140623,1104.699951171875,1088.949951171875,1467603.0,1088.949951171875,1059.7349853515625
2019-08-20,1095.75,1075.550048828125,1090.9000244140623,1092.3499755859377,1584464.0,1092.3499755859377,1062.4999877929688
2019-08-21,1097.0,1060.300048828125,1090.5,1065.300048828125,1344715.0,1065.300048828125,1065.3499877929687
2019-08-22,1070.0,1048.050048828125,1065.800048828125,1061.75,1182766.0,1061.75,1066.8549926757812
2019-08-23,1082.9000244140623,1040.0,1062.300048828125,1073.5,1925420.0,1073.5,1071.3599975585937
2019-08-26,1106.800048828125,1061.6500244140623,1094.699951171875,1102.449951171875,2601437.0,1102.449951171875,1077.4949951171875
2019-08-27,1130.1500244140625,1099.199951171875,1108.0,1123.699951171875,2825727.0,1123.699951171875,1083.164990234375
2019-08-28,1131.5,1107.5,1129.0,1110.949951171875,1599333.0,1110.949951171875,1087.8749877929688
2019-08-29,1115.0,1096.550048828125,1111.5,1101.800048828125,1204392.0,1101.800048828125,1089.6549926757812
2019-08-30,1113.0,1095.0,1107.050048828125,1105.0999755859377,1454803.0,1105.0999755859377,1092.5849853515624
2019-09-03,1098.300048828125,1052.949951171875,1098.0,1059.6500244140623,1858383.0,1059.6500244140623,1089.6549926757812
2019-09-04,1069.0,1025.5,1060.0,1037.199951171875,2881072.0,1037.199951171875,1084.139990234375
2019-09-05,1052.9000244140623,1036.25,1037.0,1048.6500244140623,1587469.0,1048.6500244140623,1082.4749877929687
2019-09-06,1070.949951171875,1042.449951171875,1054.0,1068.699951171875,1443212.0,1068.699951171875,1083.1699829101562
2019-09-09,1091.949951171875,1058.4000244140623,1065.0,1088.3499755859377,1272456.0,1088.3499755859377,1084.65498046875
2019-09-11,1103.5,1083.050048828125,1095.949951171875,1101.050048828125,1432923.0,1101.050048828125,1084.514990234375
2019-09-12,1114.5999755859377,1083.75,1110.699951171875,1086.0999755859377,1792647.0,1086.0999755859377,1080.7549926757813
2019-09-13,1126.5,1088.0999755859377,1088.0999755859377,1123.4000244140623,3428008.0,1123.4000244140623,1082.0
